{"count":1,"self":2108.3756544,"total":9319.3428062,"children":{"InitializeActuators":{"count":12,"self":0.00097679999999999989,"total":0.00097679999999999989,"children":null},"InitializeSensors":{"count":12,"self":0,"total":0,"children":null},"AgentSendState":{"count":664984,"self":5085.1360767999995,"total":5153.2364969,"children":{"CollectObservations":{"count":1595964,"self":5.8542239999999994,"total":5.8542242,"children":null},"WriteActionMask":{"count":1595964,"self":0.6091508,"total":0.6091508,"children":null},"RequestDecision":{"count":1595964,"self":4.8049843999999995,"total":61.637167299999994,"children":{"AgentInfo.ToProto":{"count":1595964,"self":3.0167888,"total":56.8321828,"children":{"GenerateSensorData":{"count":1595964,"self":45.858422399999995,"total":53.815394,"children":{"RayPerceptionSensor.Perceive":{"count":4787892,"self":7.9569703999999994,"total":7.9569706999999994,"children":null}}}}}}}}},"DecideAction":{"count":664984,"self":2027.7766144,"total":2027.7766298,"children":null},"AgentAct":{"count":664984,"self":29.85224,"total":29.891841699999997,"children":{"AgentInfo.ToProto":{"count":1262,"self":0.000998,"total":0.039602399999999996,"children":{"GenerateSensorData":{"count":1262,"self":0.0253332,"total":0.0386044,"children":{"RayPerceptionSensor.Perceive":{"count":3786,"self":0.013271199999999999,"total":0.013271199999999999,"children":null}}}}}}},"AgentInfo.ToProto":{"count":1818,"self":0.0079785,"total":0.0601182,"children":{"GenerateSensorData":{"count":1818,"self":0.030171299999999998,"total":0.0521397,"children":{"RayPerceptionSensor.Perceive":{"count":5454,"self":0.0219684,"total":0.0219684,"children":null}}}}}},"gauges":{"Shooter_A.CumulativeReward":{"count":3080,"max":75.0798,"min":-16.07039,"runningAverage":0.5743241,"value":-4.005228,"weightedAverage":3.09329653}},"metadata":{"timer_format_version":"0.1.0","start_time_seconds":"1709611041","unity_version":"2022.3.4f1","command_line_arguments":"C:\\Program Files\\Unity\\Hub\\Editor\\2022.3.4f1\\Editor\\Unity.exe -projectpath D:\\Unities\\Github_DeskTop\\Siege_Chronicles_GIT -useHub -hubIPC -cloudEnvironment production -licensingIpc LicenseClient-Happy -hubSessionId 4a0c0c27-8a44-40a1-90a7-7b8eacbaa289 -accessToken mvVy1qGTTuBOMc0aRJWKDMvun3EEMlfmjIUF2pyQNl000df","communication_protocol_version":"1.5.0","com.unity.ml-agents_version":"2.0.1","scene_name":"MainScene","end_time_seconds":"1709620360"}}