{"count":1,"self":142.2133504,"total":143.5365625,"children":{"InitializeActuators":{"count":8,"self":0.0050285999999999994,"total":0.0050285999999999994,"children":null},"InitializeSensors":{"count":8,"self":0,"total":0,"children":null},"AgentSendState":{"count":4171,"self":0.0189948,"total":0.35258269999999997,"children":{"CollectObservations":{"count":1614,"self":0.0109888,"total":0.0109888,"children":null},"WriteActionMask":{"count":1614,"self":0.0019730999999999998,"total":0.0019730999999999998,"children":null},"RequestDecision":{"count":1614,"self":0.32062599999999997,"total":0.32062599999999997,"children":null}}},"DecideAction":{"count":4171,"self":0.032246699999999996,"total":0.032246699999999996,"children":null},"AgentAct":{"count":4171,"self":0.93335119999999994,"total":0.93335119999999994,"children":null}},"gauges":{},"metadata":{"timer_format_version":"0.1.0","start_time_seconds":"1708774331","unity_version":"2022.3.4f1","command_line_arguments":"C:\\Program Files\\Unity\\Hub\\Editor\\2022.3.4f1\\Editor\\Unity.exe -projectpath D:\\Unities\\Github_DeskTop\\Siege_Chronicles_GIT -useHub -hubIPC -cloudEnvironment production -licensingIpc LicenseClient-Happy -hubSessionId 75609f8f-e384-4c24-8436-7f185a5ff97f -accessToken lntxqd2x9yvA2dy0FzVKXBFbIP9Ttkaer0NuuJexyb000df","communication_protocol_version":"1.5.0","com.unity.ml-agents_version":"2.0.1","scene_name":"MainScene","end_time_seconds":"1708774474"}}