{"count":1,"self":213.4013824,"total":661.6223511,"children":{"InitializeActuators":{"count":60,"self":0.0029668,"total":0.0029668,"children":null},"InitializeSensors":{"count":60,"self":0.0040076999999999995,"total":0.0040076999999999995,"children":null},"AgentSendState":{"count":48745,"self":162.5497088,"total":165.9908773,"children":{"CollectObservations":{"count":124959,"self":0.36302999999999996,"total":0.36302999999999996,"children":null},"WriteActionMask":{"count":124959,"self":0.0328054,"total":0.0328054,"children":null},"RequestDecision":{"count":124959,"self":0.39754039999999996,"total":3.0453354999999998,"children":{"RayPerceptionSensor.Perceive":{"count":11608,"self":0.0100518,"total":0.0100518,"children":null},"AgentInfo.ToProto":{"count":119155,"self":0.3932907,"total":2.6377433,"children":{"GenerateSensorData":{"count":119155,"self":1.9114651999999999,"total":2.2444526,"children":{"RayPerceptionSensor.Perceive":{"count":238310,"self":0.3329873,"total":0.3329873,"children":null}}}}}}}}},"DecideAction":{"count":48745,"self":276.72194559999997,"total":276.72195469999997,"children":null},"AgentAct":{"count":48745,"self":5.4912035999999995,"total":5.4912035999999995,"children":null},"RayPerceptionSensor.Perceive":{"count":16,"self":0,"total":0,"children":null},"AgentInfo.ToProto":{"count":54,"self":0,"total":0.0099639,"children":{"GenerateSensorData":{"count":54,"self":0.008968799999999999,"total":0.0099639,"children":{"RayPerceptionSensor.Perceive":{"count":108,"self":0.00099509999999999985,"total":0.00099509999999999985,"children":null}}}}}},"gauges":{"Infantry_A.CumulativeReward":{"count":25,"max":57.2324638,"min":-0.9171885,"runningAverage":3.663892,"value":0.279024184,"weightedAverage":0.8818007}},"metadata":{"timer_format_version":"0.1.0","start_time_seconds":"1709132129","unity_version":"2022.3.4f1","command_line_arguments":"C:\\Program Files\\Unity\\Hub\\Editor\\2022.3.4f1\\Editor\\Unity.exe -projectpath D:\\Unities\\Github_DeskTop\\Siege_Chronicles_GIT -useHub -hubIPC -cloudEnvironment production -licensingIpc LicenseClient-Happy -hubSessionId 097054e1-3359-4b51-a996-c7606c29c1f4 -accessToken H82sLiG-stBlAgQ8QMzBYP1bnl1dikFEfK3eXQEA5wQ00df","communication_protocol_version":"1.5.0","com.unity.ml-agents_version":"2.0.1","scene_name":"MainScene","end_time_seconds":"1709132791"}}