{"count":1,"self":3655.4682368,"total":10778.4048537,"children":{"InitializeActuators":{"count":535,"self":0.0015489,"total":0.0015489,"children":null},"InitializeSensors":{"count":535,"self":0.0114872,"total":0.0114872,"children":null},"AgentSendState":{"count":1647217,"self":3207.5100159999997,"total":3286.8035511999997,"children":{"CollectObservations":{"count":2388924,"self":7.1652831999999993,"total":7.1652831,"children":null},"WriteActionMask":{"count":2388924,"self":0.9744355,"total":0.9744355,"children":null},"RequestDecision":{"count":2388924,"self":6.4144948,"total":71.1538817,"children":{"AgentInfo.ToProto":{"count":2388924,"self":4.9451599999999996,"total":64.739387,"children":{"GenerateSensorData":{"count":2388924,"self":50.1351392,"total":59.7942271,"children":{"RayPerceptionSensor.Perceive":{"count":4777848,"self":9.6590872,"total":9.6590870999999989,"children":null}}}}}}}}},"DecideAction":{"count":1647217,"self":3745.3320191999996,"total":3745.3320003,"children":null},"AgentAct":{"count":1647217,"self":90.597900799999991,"total":90.5979014,"children":null},"AgentInfo.ToProto":{"count":594,"self":0.0019958,"total":0.18907269999999998,"children":{"GenerateSensorData":{"count":594,"self":0.1860791,"total":0.1870769,"children":{"RayPerceptionSensor.Perceive":{"count":1188,"self":0.00099779999999999986,"total":0.00099779999999999986,"children":null}}}}}},"gauges":{"Infantry_A.CumulativeReward":{"count":50,"max":13.8598576,"min":-0.787798941,"runningAverage":1.55460656,"value":6.98257256,"weightedAverage":2.11260152},"Shooter_A.CumulativeReward":{"count":17,"max":0.5750901,"min":-4.319942,"runningAverage":-0.368244946,"value":-0.0352054574,"weightedAverage":-0.20099324}},"metadata":{"timer_format_version":"0.1.0","start_time_seconds":"1709104376","unity_version":"2022.3.4f1","command_line_arguments":"C:\\Program Files\\Unity\\Hub\\Editor\\2022.3.4f1\\Editor\\Unity.exe -projectpath D:\\Unities\\Github_DeskTop\\Siege_Chronicles_GIT -useHub -hubIPC -cloudEnvironment production -licensingIpc LicenseClient-Happy -hubSessionId 097054e1-3359-4b51-a996-c7606c29c1f4 -accessToken H82sLiG-stBlAgQ8QMzBYP1bnl1dikFEfK3eXQEA5wQ00df","communication_protocol_version":"1.5.0","com.unity.ml-agents_version":"2.0.1","scene_name":"MainScene","end_time_seconds":"1709115155"}}