{"count":1,"self":26925.1117056,"total":94292.479550399992,"children":{"InitializeActuators":{"count":50,"self":0.0019943,"total":0.0019943,"children":null},"InitializeSensors":{"count":50,"self":0.0029920999999999997,"total":0.0029920999999999997,"children":null},"AgentSendState":{"count":9910637,"self":44585.5367168,"total":45319.8545878,"children":{"CollectObservations":{"count":14540114,"self":49.3226496,"total":49.3226504,"children":null},"WriteActionMask":{"count":14540114,"self":6.242748,"total":6.2427481,"children":null},"RequestDecision":{"count":14540114,"self":45.529308799999995,"total":678.75117549999993,"children":{"AgentInfo.ToProto":{"count":14540114,"self":30.4864736,"total":633.2218674,"children":{"GenerateSensorData":{"count":14540114,"self":528.845568,"total":602.7353932,"children":{"RayPerceptionSensor.Perceive":{"count":43620342,"self":73.8898112,"total":73.8898112,"children":null}}}}}}}}},"DecideAction":{"count":9910637,"self":21769.840230399997,"total":21769.840593099998,"children":null},"AgentAct":{"count":9910637,"self":276.1516544,"total":276.34390229999997,"children":{"AgentInfo.ToProto":{"count":8307,"self":0.0198665,"total":0.1922514,"children":{"GenerateSensorData":{"count":8307,"self":0.1215131,"total":0.17238489999999998,"children":{"RayPerceptionSensor.Perceive":{"count":24921,"self":0.050871799999999995,"total":0.050871799999999995,"children":null}}}}}}},"AgentInfo.ToProto":{"count":38028,"self":0.1594813,"total":1.3231859,"children":{"GenerateSensorData":{"count":38028,"self":0.91823709999999992,"total":1.1637046,"children":{"RayPerceptionSensor.Perceive":{"count":114084,"self":0.24546749999999998,"total":0.24546749999999998,"children":null}}}}}},"gauges":{"Infantry_A.CumulativeReward":{"count":46335,"max":101.561523,"min":-6.197388,"runningAverage":12.3153553,"value":27.0606,"weightedAverage":15.260457}},"metadata":{"timer_format_version":"0.1.0","start_time_seconds":"1709963633","unity_version":"2022.3.4f1","command_line_arguments":"C:\\Program Files\\Unity\\Hub\\Editor\\2022.3.4f1\\Editor\\Unity.exe -projectpath D:\\Unities\\Github_DeskTop\\Siege_Chronicles_GIT -useHub -hubIPC -cloudEnvironment production -licensingIpc LicenseClient-Happy -hubSessionId af771c07-b0be-4709-bdb3-693a7dee54e5 -accessToken bpN0EhCEKwOAsZf4VQpwsvrG_nl9H9_qOVDpOFU2CPg00df","communication_protocol_version":"1.5.0","com.unity.ml-agents_version":"2.0.1","scene_name":"MainScene","end_time_seconds":"1710057925"}}