{"count":1,"self":321.2612352,"total":322.2577457,"children":{"InitializeActuators":{"count":4,"self":0.0030053,"total":0.0030053,"children":null},"InitializeSensors":{"count":4,"self":0.0029717999999999997,"total":0.0029717999999999997,"children":null},"AgentSendState":{"count":8804,"self":0.032232199999999996,"total":0.83777019999999991,"children":{"CollectObservations":{"count":3317,"self":0.022761399999999998,"total":0.022761399999999998,"children":null},"WriteActionMask":{"count":3317,"self":0.0020093999999999997,"total":0.0020093999999999997,"children":null},"RequestDecision":{"count":3317,"self":0.7807672,"total":0.7807672,"children":null}}},"DecideAction":{"count":8804,"self":0.051987099999999994,"total":0.051987099999999994,"children":null},"AgentAct":{"count":8804,"self":0.1007817,"total":0.1007817,"children":null}},"gauges":{},"metadata":{"timer_format_version":"0.1.0","start_time_seconds":"1708837852","unity_version":"2022.3.4f1","command_line_arguments":"C:\\Program Files\\Unity\\Hub\\Editor\\2022.3.4f1\\Editor\\Unity.exe -projectpath D:\\Unities\\Github_DeskTop\\Siege_Chronicles_GIT -useHub -hubIPC -cloudEnvironment production -licensingIpc LicenseClient-Happy -hubSessionId ecee50a2-db79-487f-a5bb-88ba836c94ff -accessToken xAylK1i31V7b5QZ22VDbWRgqALgrBigN01umYfBHitA00df","communication_protocol_version":"1.5.0","com.unity.ml-agents_version":"2.0.1","scene_name":"MainScene","end_time_seconds":"1708838174"}}