{"count":1,"self":470.9684736,"total":997.27497829999993,"children":{"InitializeActuators":{"count":1,"self":0.00099739999999999985,"total":0.00099739999999999985,"children":null},"InitializeSensors":{"count":1,"self":0,"total":0,"children":null},"AgentSendState":{"count":336651,"self":95.550534399999989,"total":114.20974109999999,"children":{"CollectObservations":{"count":67331,"self":0.2771982,"total":0.2771982,"children":null},"WriteActionMask":{"count":67331,"self":0.0261366,"total":0.0261366,"children":null},"RequestDecision":{"count":67331,"self":0.2876973,"total":18.355869,"children":{"AgentInfo.ToProto":{"count":67331,"self":0.5266141,"total":18.0681717,"children":{"GenerateSensorData":{"count":67331,"self":17.290283199999998,"total":17.5415576,"children":{"RayPerceptionSensor.Perceive":{"count":134662,"self":0.25127479999999996,"total":0.25127479999999996,"children":null}}}}}}}}},"DecideAction":{"count":336651,"self":343.72305919999997,"total":343.72307029999996,"children":null},"AgentAct":{"count":336651,"self":68.347872,"total":68.370677,"children":{"AgentInfo.ToProto":{"count":110,"self":0.00098439999999999986,"total":0.022803499999999997,"children":{"GenerateSensorData":{"count":110,"self":0.021819099999999998,"total":0.021819099999999998,"children":{"RayPerceptionSensor.Perceive":{"count":220,"self":0,"total":0,"children":null}}}}}}},"AgentInfo.ToProto":{"count":2,"self":0,"total":0.00099739999999999985,"children":{"GenerateSensorData":{"count":2,"self":0.00099739999999999985,"total":0.00099739999999999985,"children":{"RayPerceptionSensor.Perceive":{"count":4,"self":0,"total":0,"children":null}}}}}},"gauges":{"Infantry_A.CumulativeReward":{"count":112,"max":39.90029,"min":-14.8399229,"runningAverage":-12.6465235,"value":-14.4041824,"weightedAverage":-11.6280422}},"metadata":{"timer_format_version":"0.1.0","start_time_seconds":"1709191202","unity_version":"2022.3.4f1","command_line_arguments":"C:\\Program Files\\Unity\\Hub\\Editor\\2022.3.4f1\\Editor\\Unity.exe -projectpath D:\\Unities\\Github_DeskTop\\Siege_Chronicles_GIT -useHub -hubIPC -cloudEnvironment production -licensingIpc LicenseClient-Happy -hubSessionId 097054e1-3359-4b51-a996-c7606c29c1f4 -accessToken Z7QZGfWYH0srC0Pqog9ms0qu6w6EYDWHqJ5vEM0Ipio00df","communication_protocol_version":"1.5.0","com.unity.ml-agents_version":"2.0.1","scene_name":"MainScene","end_time_seconds":"1709192199"}}