{"count":1,"self":5877.5175168,"total":22470.1981634,"children":{"InitializeActuators":{"count":1064,"self":0.0099589999999999991,"total":0.0099589999999999991,"children":null},"InitializeSensors":{"count":1064,"self":0.0289827,"total":0.0289827,"children":null},"AgentSendState":{"count":2371059,"self":6772.3890688,"total":7999.241389,"children":{"CollectObservations":{"count":5235708,"self":47.849577599999996,"total":47.849576899999995,"children":null},"WriteActionMask":{"count":5235708,"self":2.161893,"total":2.161893,"children":null},"RequestDecision":{"count":5235708,"self":17.7050624,"total":1176.8408221,"children":{"AgentInfo.ToProto":{"count":5232084,"self":13.556513599999999,"total":1159.1247741,"children":{"GenerateSensorData":{"count":5232084,"self":1133.2246528,"total":1145.5682606999999,"children":{"RayPerceptionSensor.Perceive":{"count":10464168,"self":12.3436344,"total":12.3436343,"children":null}}}}},"RayPerceptionSensor.Perceive":{"count":7248,"self":0.010986099999999999,"total":0.010986099999999999,"children":null}}}}},"DecideAction":{"count":2371059,"self":8389.4779903999988,"total":8389.4781759999987,"children":null},"AgentAct":{"count":2371059,"self":202.3168384,"total":202.3168432,"children":null},"AgentInfo.ToProto":{"count":5975,"self":0.014456,"total":1.6054922,"children":{"GenerateSensorData":{"count":5975,"self":1.5790657,"total":1.5910362,"children":{"RayPerceptionSensor.Perceive":{"count":11950,"self":0.0119705,"total":0.0119705,"children":null}}}}}},"gauges":{"Infantry_A.CumulativeReward":{"count":2437,"max":61.62335,"min":-1.83082187,"runningAverage":2.26068163,"value":-0.536452,"weightedAverage":-0.135077477},"Shooter_A.CumulativeReward":{"count":2535,"max":51.71729,"min":-12.0950012,"runningAverage":-0.55149895,"value":-0.124667138,"weightedAverage":-0.3011515}},"metadata":{"timer_format_version":"0.1.0","start_time_seconds":"1709011077","unity_version":"2022.3.4f1","command_line_arguments":"C:\\Program Files\\Unity\\Hub\\Editor\\2022.3.4f1\\Editor\\Unity.exe -projectpath D:\\Unities\\Github_DeskTop\\Siege_Chronicles_GIT -useHub -hubIPC -cloudEnvironment production -licensingIpc LicenseClient-Happy -hubSessionId 097054e1-3359-4b51-a996-c7606c29c1f4 -accessToken 9dSbLLGMR1lErLtbZ0CVZ8OoNPlMXBbdEPh0OxWChjI00df","communication_protocol_version":"1.5.0","com.unity.ml-agents_version":"2.0.1","scene_name":"MainScene","end_time_seconds":"1709033547"}}