{"count":1,"self":4499.7844992,"total":19888.9315201,"children":{"InitializeActuators":{"count":35,"self":0.0011283999999999999,"total":0.0011283999999999999,"children":null},"InitializeSensors":{"count":35,"self":0.0052111,"total":0.0052111,"children":null},"AgentSendState":{"count":1722120,"self":9632.4190208,"total":9770.4538535,"children":{"CollectObservations":{"count":3068423,"self":11.221505599999999,"total":11.2215052,"children":null},"WriteActionMask":{"count":3068423,"self":1.4203751999999998,"total":1.4203751999999998,"children":null},"RequestDecision":{"count":3068423,"self":9.1275968,"total":125.3925701,"children":{"AgentInfo.ToProto":{"count":3068423,"self":7.4319896,"total":116.264973,"children":{"GenerateSensorData":{"count":3068423,"self":92.9206336,"total":108.8329833,"children":{"RayPerceptionSensor.Perceive":{"count":9205269,"self":15.912351999999998,"total":15.912351399999999,"children":null}}}}}}}}},"DecideAction":{"count":1722120,"self":4307.3019904,"total":4307.3021143,"children":null},"AgentAct":{"count":1722120,"self":1311.1840768,"total":1311.2215492999999,"children":{"AgentInfo.ToProto":{"count":2487,"self":0.0058144999999999994,"total":0.0374453,"children":{"GenerateSensorData":{"count":2487,"self":0.023648699999999998,"total":0.0316308,"children":{"RayPerceptionSensor.Perceive":{"count":7461,"self":0.0079820999999999989,"total":0.0079820999999999989,"children":null}}}}}}},"AgentInfo.ToProto":{"count":4305,"self":0.014973499999999999,"total":0.16302049999999998,"children":{"GenerateSensorData":{"count":4305,"self":0.10260509999999999,"total":0.14804699999999998,"children":{"RayPerceptionSensor.Perceive":{"count":12915,"self":0.0454419,"total":0.0454419,"children":null}}}}}},"gauges":{"Shooter_A.CumulativeReward":{"count":6792,"max":112.089325,"min":-19.0007362,"runningAverage":16.75692,"value":-3.60374284,"weightedAverage":3.3793292}},"metadata":{"timer_format_version":"0.1.0","start_time_seconds":"1709711336","unity_version":"2022.3.4f1","command_line_arguments":"C:\\Program Files\\Unity\\Hub\\Editor\\2022.3.4f1\\Editor\\Unity.exe -projectpath D:\\Unities\\Github_DeskTop\\Siege_Chronicles_GIT -useHub -hubIPC -cloudEnvironment production -licensingIpc LicenseClient-Happy -hubSessionId 7f0b4de7-0f16-4955-b503-f636d9f33359 -accessToken U2vGKzKrse2rf1Ra19qFTNRJFragUJe4Z5QkahnBd-k00df","communication_protocol_version":"1.5.0","com.unity.ml-agents_version":"2.0.1","scene_name":"MainScene","end_time_seconds":"1709731225"}}